Index	First Name	Last Name	Email	Job Title
1		Terrell	elijah57@example.net	Games developer
2		Summers	bethany14@example.com	Phytotherapist
3		Travis	bthompson@example.com	Homeopath
4		Martinez	kaitlinkaiser@example.com	Market researcher
5		Todd	buchananmanuel@example.net	Veterinary surgeon
6		Day	tconner@example.org	Waste management officer
7		Buck	conniecowan@example.com	Intelligence analyst
8		Hinton	wyattbishop@example.com	Hydrogeologist
9		Farrell	nmccann@example.net	Lawyer
10		Downs	virginiaterrell@example.org	Engineer, site
11		Ross	huangcathy@example.com	Advertising account executive
12		Newton	rayleroy@example.org	Warden/ranger
13		Blake	jefferynoble@example.org	Scientist, clinical (histocompatibility and immunogenetics)
14		Nash	mercedes44@example.com	Social worker
15		Farmer	pmiranda@example.org	Agricultural consultant
16		Knight	braunpriscilla@example.net	Sport and exercise psychologist
17		Rangel	sheenabanks@example.com	Secretary/administrator
18		Meadows	gbrewer@example.org	Audiological scientist
19		Paul	gilbertdonaldson@example.com	Teacher, adult education
20		Mitchell	jcortez@example.com	Paediatric nurse
21		Norton	carias@example.net	Scientist, marine
22		Hatfield	fknox@example.org	Commercial horticulturist
23		Barnes	huangbill@example.org	Outdoor activities/education manager
24		Rhodes	juarezdominique@example.net	Drilling engineer
25		Mcneil	cassandramorris@example.com	Systems analyst
26		Levine	sallymiller@example.net	Conservation officer, nature
27		Payne	bsullivan@example.net	Counsellor
28		Vega	ayalajose@example.net	Recycling officer
29		Buckley	irosales@example.net	Art gallery manager
30		Weber	mconrad@example.com	Gaffer
31		Camacho	jimblake@example.org	Food technologist
32		Gallagher	nsampson@example.net	Building services engineer
33		Andrews	caitlin24@example.net	Seismic interpreter
34		Schmidt	mconley@example.net	Engineer, biomedical
35		Sparks	reynoldsdarryl@example.net	Set designer
36		Cook	jeannovak@example.org	Research scientist (life sciences)
37		Hurst	clinton78@example.org	Accountant, chartered management
38		Rich	luisdeleon@example.org	Surveyor, quantity
39		Wiggins	rosariodave@example.org	Outdoor activities/education manager
40		Mckinney	vickihouston@example.com	Information systems manager
41		Stone	evelyn31@example.org	Scientist, clinical (histocompatibility and immunogenetics)
42		Walsh	stephenfuller@example.org	Accounting technician
43		Vang	haleymathews@example.net	Management consultant
44		Hill	tyrone56@example.org	Make
45		Andrews	lhernandez@example.com	Retail banker
46		Pugh	molly03@example.org	Commissioning editor
47		Estrada	jvang@example.org	Accountant, chartered management
48		Brady	erikmueller@example.org	Seismic interpreter
49		Frey	rivasdominique@example.org	Jewellery designer
50		Sweeney	daisymcgee@example.net	Education officer, museum
51		Escobar	staffordtravis@example.net	Estate manager/land agent
52		Oconnell	saralong@example.net	Physiotherapist
53		Esparza	iphelps@example.net	Passenger transport manager
54		Rivas	roberto29@example.com	Call centre manager
55		Payne	yolanda07@example.org	Special educational needs teacher
56		Rocha	abbottyvette@example.net	Museum/gallery exhibitions officer
57		Watkins	ochang@example.org	Pension scheme manager
58		Olsen	amyanderson@example.com	Archaeologist
59		Nelson	qnorman@example.org	Historic buildings inspector/conservation officer
60		Phelps	clarkeangela@example.net	Petroleum engineer
61		Daugherty	kalvarado@example.org	Curator
62		Garner	jodyvincent@example.org	Retail banker
63		Bennett	hutchinsonkirk@example.com	Neurosurgeon
64		Conway	floreschristina@example.org	Chiropractor
65		Barnett	nathan65@example.org	Biochemist, clinical
66		Harper	maria32@example.org	Scientist, water quality
67		Ward	imccullough@example.com	Hydrologist
68		Rubio	corey92@example.com	Biochemist, clinical
69		Pineda	daltoncalvin@example.net	Hospital pharmacist
70		Wu	ubanks@example.com	Warehouse manager
71		Benton	lopezdebbie@example.org	Physiological scientist
72		Hull	meagan39@example.net	English as a second language teacher
73		Ritter	kristina76@example.com	Financial trader
74		Briggs	weissbridget@example.com	Structural engineer
75		Andrews	wpetersen@example.org	Biochemist, clinical
76		Cunningham	wongmary@example.org	Race relations officer
77		Atkinson	gailfrench@example.net	Psychologist, forensic
78		Reid	vpaul@example.com	Newspaper journalist
79		Stevens	xpoole@example.net	Public house manager
80		Huff	cassandra80@example.org	Careers information officer
81		Foley	johnathan72@example.org	Economist
82		Waters	nhall@example.net	Jewellery designer
83		Stephenson	erikaball@example.net	Contracting civil engineer
84		Reese	nixonvanessa@example.net	Higher education lecturer
85		Williamson	melvin08@example.net	Lecturer, further education
86		Vaughn	oblake@example.com	Research scientist (life sciences)
87		Dickson	johnnyhendricks@example.net	Teacher, early years/pre
88		Bailey	pbarron@example.net	Travel agency manager
89		Medina	olsenmalik@example.net	Technical sales engineer
90		Haney	teresa37@example.com	Charity fundraiser
91		Nixon	zmiles@example.net	Patent attorney
92		Hardy	sheenadouglas@example.com	Conservator, furniture
93		Cox	evan90@example.org	Dance movement psychotherapist
94		Cole	nicolas90@example.org	Financial planner
95		Guzman	angelanavarro@example.net	Air broker
96		Barnes	bmartin@example.org	Software engineer
97		Patterson	latasha46@example.net	Barrister
98		Bray	regina11@example.org	Police officer
99		Oconnell	alexiscantrell@example.org	Broadcast journalist
100		Bernard	pcopeland@example.org	IT sales professional
